Identifier,Ct,Gene,Efficiancy ,Ben_abs,Ben_rel
200,40,LWS1,0.9921212,0.8267,0.9633
200,40,LWS1,0.9921212,0.8267,0.9633
200,40,LWS1,0.9921212,0.8267,0.9633
201,40,LWS1,0.9921212,0.8267,0.9633
201,40,LWS1,0.9921212,0.8267,0.9633
202,40,LWS1,0.9921212,0.8267,0.9633
202,40,LWS1,0.9921212,0.8267,0.9633
203,40,LWS1,0.9921212,0.8267,0.9633
203,40,LWS1,0.9921212,0.8267,0.9633
204,40,LWS1,0.9921212,0.8267,0.9633
204,40,LWS1,0.9921212,0.8267,0.9633
205,40,LWS1,0.9921212,0.8267,0.9633
205,40,LWS1,0.9921212,0.8267,0.9633
206,40,LWS1,0.9921212,0.8267,0.9633
206,40,LWS1,0.9921212,0.8267,0.9633
242,40,LWS1,0.9921212,0.8267,0.9633
242,40,LWS1,0.9921212,0.8267,0.9633
242,40,LWS1,0.9921212,0.8267,0.9633
244,40,LWS1,0.9921212,0.8267,0.9633
244,40,LWS1,0.9921212,0.8267,0.9633
245,40,LWS1,0.9921212,0.8267,0.9633
245,40,LWS1,0.9921212,0.8267,0.9633
246,40,LWS1,0.9921212,0.8267,0.9633
246,40,LWS1,0.9921212,0.8267,0.9633
247,40,LWS1,0.9921212,0.8267,0.9633
247,40,LWS1,0.9921212,0.8267,0.9633
248,40,LWS1,0.9921212,0.8267,0.9633
248,40,LWS1,0.9921212,0.8267,0.9633
249,40,LWS1,0.9921212,0.8267,0.9633
249,40,LWS1,0.9921212,0.8267,0.9633
260,40,LWS1,0.9921212,0.8267,0.9633
260,40,LWS1,0.9921212,0.8267,0.9633
260,40,LWS1,0.9921212,0.8267,0.9633
261,40,LWS1,0.9921212,0.8267,0.9633
261,40,LWS1,0.9921212,0.8267,0.9633
262,40,LWS1,0.9921212,0.8267,0.9633
262,40,LWS1,0.9921212,0.8267,0.9633
264,40,LWS1,0.9921212,0.8267,0.9633
264,40,LWS1,0.9921212,0.8267,0.9633
265,40,LWS1,0.9921212,0.8267,0.9633
265,40,LWS1,0.9921212,0.8267,0.9633
266,40,LWS1,0.9921212,0.8267,0.9633
266,40,LWS1,0.9921212,0.8267,0.9633
267,40,LWS1,0.9921212,0.8267,0.9633
267,40,LWS1,0.9921212,0.8267,0.9633
365,40,LWS1,0.9921212,0.8267,0.9633
365,40,LWS1,0.9921212,0.8267,0.9633
366,40,LWS1,0.9921212,0.8267,0.9633
366,40,LWS1,0.9921212,0.8267,0.9633
367,40,LWS1,0.9921212,0.8267,0.9633
367,40,LWS1,0.9921212,0.8267,0.9633
368,40,LWS1,0.9921212,0.8267,0.9633
368,40,LWS1,0.9921212,0.8267,0.9633
369,40,LWS1,0.9921212,0.8267,0.9633
369,40,LWS1,0.9921212,0.8267,0.9633
370,40,LWS1,0.9921212,0.8267,0.9633
370,40,LWS1,0.9921212,0.8267,0.9633
371,40,LWS1,0.9921212,0.8267,0.9633
371,40,LWS1,0.9921212,0.8267,0.9633
472,40,LWS1,0.9921212,0.8267,0.9633
472,40,LWS1,0.9921212,0.8267,0.9633
472,40,LWS1,0.9921212,0.8267,0.9633
474,35.44,LWS1,0.9921212,0.8267,0.9633
474,40,LWS1,0.9921212,0.8267,0.9633
475,34.62,LWS1,0.9921212,0.8267,0.9633
475,40,LWS1,0.9921212,0.8267,0.9633
476,40,LWS1,0.9921212,0.8267,0.9633
476,40,LWS1,0.9921212,0.8267,0.9633
477,40,LWS1,0.9921212,0.8267,0.9633
477,40,LWS1,0.9921212,0.8267,0.9633
478,40,LWS1,0.9921212,0.8267,0.9633
478,40,LWS1,0.9921212,0.8267,0.9633
479,40,LWS1,0.9921212,0.8267,0.9633
479,40,LWS1,0.9921212,0.8267,0.9633
502,40,LWS1,0.9921212,0.8267,0.9633
502,40,LWS1,0.9921212,0.8267,0.9633
502,40,LWS1,0.9921212,0.8267,0.9633
503,40,LWS1,0.9921212,0.8267,0.9633
503,40,LWS1,0.9921212,0.8267,0.9633
505,40,LWS1,0.9921212,0.8267,0.9633
505,40,LWS1,0.9921212,0.8267,0.9633
506,40,LWS1,0.9921212,0.8267,0.9633
506,40,LWS1,0.9921212,0.8267,0.9633
507,40,LWS1,0.9921212,0.8267,0.9633
507,40,LWS1,0.9921212,0.8267,0.9633
508,40,LWS1,0.9921212,0.8267,0.9633
508,40,LWS1,0.9921212,0.8267,0.9633
509,40,LWS1,0.9921212,0.8267,0.9633
509,40,LWS1,0.9921212,0.8267,0.9633
523,40,LWS1,0.9921212,0.8267,0.9633
523,40,LWS1,0.9921212,0.8267,0.9633
524,40,LWS1,0.9921212,0.8267,0.9633
524,40,LWS1,0.9921212,0.8267,0.9633
526,40,LWS1,0.9921212,0.8267,0.9633
526,40,LWS1,0.9921212,0.8267,0.9633
527,40,LWS1,0.9921212,0.8267,0.9633
527,40,LWS1,0.9921212,0.8267,0.9633
528,40,LWS1,0.9921212,0.8267,0.9633
528,40,LWS1,0.9921212,0.8267,0.9633
529,40,LWS1,0.9921212,0.8267,0.9633
529,40,LWS1,0.9921212,0.8267,0.9633
530,40,LWS1,0.9921212,0.8267,0.9633
530,40,LWS1,0.9921212,0.8267,0.9633
590,34.95,LWS1,0.9921212,0.8267,0.9633
590,40,LWS1,0.9921212,0.8267,0.9633
591,40,LWS1,0.9921212,0.8267,0.9633
591,40,LWS1,0.9921212,0.8267,0.9633
592,40,LWS1,0.9921212,0.8267,0.9633
592,40,LWS1,0.9921212,0.8267,0.9633
593,40,LWS1,0.9921212,0.8267,0.9633
593,40,LWS1,0.9921212,0.8267,0.9633
594,40,LWS1,0.9921212,0.8267,0.9633
594,40,LWS1,0.9921212,0.8267,0.9633
595,40,LWS1,0.9921212,0.8267,0.9633
595,35.43,LWS1,0.9921212,0.8267,0.9633
596,40,LWS1,0.9921212,0.8267,0.9633
596,40,LWS1,0.9921212,0.8267,0.9633
200,35.06,LWS2,0.9079779,0.7751,0.9031
200,36.23,LWS2,0.9079779,0.7751,0.9031
201,40,LWS2,0.9079779,0.7751,0.9031
201,35.9,LWS2,0.9079779,0.7751,0.9031
201,38.31,LWS2,0.9079779,0.7751,0.9031
202,40,LWS2,0.9079779,0.7751,0.9031
202,38.44,LWS2,0.9079779,0.7751,0.9031
202,40,LWS2,0.9079779,0.7751,0.9031
203,40,LWS2,0.9079779,0.7751,0.9031
203,35.37,LWS2,0.9079779,0.7751,0.9031
203,40,LWS2,0.9079779,0.7751,0.9031
204,33.2,LWS2,0.9079779,0.7751,0.9031
204,34.96,LWS2,0.9079779,0.7751,0.9031
204,35.38,LWS2,0.9079779,0.7751,0.9031
205,34.8,LWS2,0.9079779,0.7751,0.9031
205,37.36,LWS2,0.9079779,0.7751,0.9031
205,36.93,LWS2,0.9079779,0.7751,0.9031
206,37.13,LWS2,0.9079779,0.7751,0.9031
206,40,LWS2,0.9079779,0.7751,0.9031
206,38.41,LWS2,0.9079779,0.7751,0.9031
242,40,LWS2,0.9079779,0.7751,0.9031
242,40,LWS2,0.9079779,0.7751,0.9031
244,40,LWS2,0.9079779,0.7751,0.9031
244,40,LWS2,0.9079779,0.7751,0.9031
245,37.72,LWS2,0.9079779,0.7751,0.9031
245,40,LWS2,0.9079779,0.7751,0.9031
245,40,LWS2,0.9079779,0.7751,0.9031
246,40,LWS2,0.9079779,0.7751,0.9031
246,38,LWS2,0.9079779,0.7751,0.9031
246,40,LWS2,0.9079779,0.7751,0.9031
247,40,LWS2,0.9079779,0.7751,0.9031
247,40,LWS2,0.9079779,0.7751,0.9031
248,40,LWS2,0.9079779,0.7751,0.9031
248,35.08,LWS2,0.9079779,0.7751,0.9031
248,38.36,LWS2,0.9079779,0.7751,0.9031
249,40,LWS2,0.9079779,0.7751,0.9031
249,40,LWS2,0.9079779,0.7751,0.9031
260,40,LWS2,0.9079779,0.7751,0.9031
260,38.38,LWS2,0.9079779,0.7751,0.9031
260,40,LWS2,0.9079779,0.7751,0.9031
261,38.02,LWS2,0.9079779,0.7751,0.9031
261,36.3,LWS2,0.9079779,0.7751,0.9031
262,40,LWS2,0.9079779,0.7751,0.9031
262,38.02,LWS2,0.9079779,0.7751,0.9031
262,40,LWS2,0.9079779,0.7751,0.9031
264,40,LWS2,0.9079779,0.7751,0.9031
264,40,LWS2,0.9079779,0.7751,0.9031
265,36.09,LWS2,0.9079779,0.7751,0.9031
265,36.52,LWS2,0.9079779,0.7751,0.9031
266,40,LWS2,0.9079779,0.7751,0.9031
266,40,LWS2,0.9079779,0.7751,0.9031
267,35.8,LWS2,0.9079779,0.7751,0.9031
267,38.33,LWS2,0.9079779,0.7751,0.9031
267,40,LWS2,0.9079779,0.7751,0.9031
365,40,LWS2,0.9079779,0.7751,0.9031
365,37.84,LWS2,0.9079779,0.7751,0.9031
365,38.11,LWS2,0.9079779,0.7751,0.9031
366,40,LWS2,0.9079779,0.7751,0.9031
366,35.14,LWS2,0.9079779,0.7751,0.9031
366,38.15,LWS2,0.9079779,0.7751,0.9031
367,40,LWS2,0.9079779,0.7751,0.9031
367,40,LWS2,0.9079779,0.7751,0.9031
368,40,LWS2,0.9079779,0.7751,0.9031
368,40,LWS2,0.9079779,0.7751,0.9031
369,40,LWS2,0.9079779,0.7751,0.9031
369,40,LWS2,0.9079779,0.7751,0.9031
370,36.99,LWS2,0.9079779,0.7751,0.9031
370,37.02,LWS2,0.9079779,0.7751,0.9031
371,40,LWS2,0.9079779,0.7751,0.9031
371,40,LWS2,0.9079779,0.7751,0.9031
472,40,LWS2,0.9079779,0.7751,0.9031
472,38.2,LWS2,0.9079779,0.7751,0.9031
472,38.24,LWS2,0.9079779,0.7751,0.9031
474,40,LWS2,0.9079779,0.7751,0.9031
474,38.24,LWS2,0.9079779,0.7751,0.9031
474,40,LWS2,0.9079779,0.7751,0.9031
475,40,LWS2,0.9079779,0.7751,0.9031
475,40,LWS2,0.9079779,0.7751,0.9031
476,40,LWS2,0.9079779,0.7751,0.9031
476,40,LWS2,0.9079779,0.7751,0.9031
477,40,LWS2,0.9079779,0.7751,0.9031
477,40,LWS2,0.9079779,0.7751,0.9031
478,40,LWS2,0.9079779,0.7751,0.9031
478,40,LWS2,0.9079779,0.7751,0.9031
479,40,LWS2,0.9079779,0.7751,0.9031
479,40,LWS2,0.9079779,0.7751,0.9031
502,40,LWS2,0.9079779,0.7751,0.9031
502,40,LWS2,0.9079779,0.7751,0.9031
503,40,LWS2,0.9079779,0.7751,0.9031
503,37.32,LWS2,0.9079779,0.7751,0.9031
503,40,LWS2,0.9079779,0.7751,0.9031
505,40,LWS2,0.9079779,0.7751,0.9031
505,40,LWS2,0.9079779,0.7751,0.9031
506,33.96,LWS2,0.9079779,0.7751,0.9031
506,33.72,LWS2,0.9079779,0.7751,0.9031
507,36.43,LWS2,0.9079779,0.7751,0.9031
507,35.22,LWS2,0.9079779,0.7751,0.9031
508,34.33,LWS2,0.9079779,0.7751,0.9031
508,34.03,LWS2,0.9079779,0.7751,0.9031
509,40,LWS2,0.9079779,0.7751,0.9031
509,36.48,LWS2,0.9079779,0.7751,0.9031
509,40,LWS2,0.9079779,0.7751,0.9031
523,40,LWS2,0.9079779,0.7751,0.9031
523,40,LWS2,0.9079779,0.7751,0.9031
524,37.39,LWS2,0.9079779,0.7751,0.9031
524,40,LWS2,0.9079779,0.7751,0.9031
524,40,LWS2,0.9079779,0.7751,0.9031
526,40,LWS2,0.9079779,0.7751,0.9031
526,40,LWS2,0.9079779,0.7751,0.9031
527,40,LWS2,0.9079779,0.7751,0.9031
527,40,LWS2,0.9079779,0.7751,0.9031
528,40,LWS2,0.9079779,0.7751,0.9031
528,40,LWS2,0.9079779,0.7751,0.9031
529,40,LWS2,0.9079779,0.7751,0.9031
529,40,LWS2,0.9079779,0.7751,0.9031
530,38.14,LWS2,0.9079779,0.7751,0.9031
530,40,LWS2,0.9079779,0.7751,0.9031
590,40,LWS2,0.9079779,0.7751,0.9031
590,40,LWS2,0.9079779,0.7751,0.9031
591,40,LWS2,0.9079779,0.7751,0.9031
591,40,LWS2,0.9079779,0.7751,0.9031
592,37.75,LWS2,0.9079779,0.7751,0.9031
592,40,LWS2,0.9079779,0.7751,0.9031
592,40,LWS2,0.9079779,0.7751,0.9031
593,35.1,LWS2,0.9079779,0.7751,0.9031
593,40,LWS2,0.9079779,0.7751,0.9031
593,35.14,LWS2,0.9079779,0.7751,0.9031
594,36.13,LWS2,0.9079779,0.7751,0.9031
594,37.68,LWS2,0.9079779,0.7751,0.9031
594,36.21,LWS2,0.9079779,0.7751,0.9031
595,40,LWS2,0.9079779,0.7751,0.9031
595,37.88,LWS2,0.9079779,0.7751,0.9031
595,40,LWS2,0.9079779,0.7751,0.9031
596,40,LWS2,0.9079779,0.7751,0.9031
596,40,LWS2,0.9079779,0.7751,0.9031
200,30.97,LWS3,0.9616775,0.7856,0.9142
200,31.11,LWS3,0.9616775,0.7856,0.9142
201,31.44,LWS3,0.9616775,0.7856,0.9142
201,31.8,LWS3,0.9616775,0.7856,0.9142
202,30.98,LWS3,0.9616775,0.7856,0.9142
202,31.51,LWS3,0.9616775,0.7856,0.9142
203,31.22,LWS3,0.9616775,0.7856,0.9142
203,31.57,LWS3,0.9616775,0.7856,0.9142
204,30.25,LWS3,0.9616775,0.7856,0.9142
204,30.19,LWS3,0.9616775,0.7856,0.9142
205,28.84,LWS3,0.9616775,0.7856,0.9142
205,28.65,LWS3,0.9616775,0.7856,0.9142
206,29.1,LWS3,0.9616775,0.7856,0.9142
206,29.02,LWS3,0.9616775,0.7856,0.9142
242,36,LWS3,0.9616775,0.7856,0.9142
242,34.68,LWS3,0.9616775,0.7856,0.9142
244,31.8,LWS3,0.9616775,0.7856,0.9142
244,31.82,LWS3,0.9616775,0.7856,0.9142
245,32.14,LWS3,0.9616775,0.7856,0.9142
245,33.82,LWS3,0.9616775,0.7856,0.9142
245,32.68,LWS3,0.9616775,0.7856,0.9142
246,31.05,LWS3,0.9616775,0.7856,0.9142
246,31.08,LWS3,0.9616775,0.7856,0.9142
247,30.18,LWS3,0.9616775,0.7856,0.9142
247,30.24,LWS3,0.9616775,0.7856,0.9142
248,31.91,LWS3,0.9616775,0.7856,0.9142
248,32.38,LWS3,0.9616775,0.7856,0.9142
249,34.03,LWS3,0.9616775,0.7856,0.9142
249,35.08,LWS3,0.9616775,0.7856,0.9142
260,31.27,LWS3,0.9616775,0.7856,0.9142
260,31.67,LWS3,0.9616775,0.7856,0.9142
261,29.67,LWS3,0.9616775,0.7856,0.9142
261,29.3,LWS3,0.9616775,0.7856,0.9142
262,30.87,LWS3,0.9616775,0.7856,0.9142
262,31.12,LWS3,0.9616775,0.7856,0.9142
264,26.72,LWS3,0.9616775,0.7856,0.9142
264,26.69,LWS3,0.9616775,0.7856,0.9142
265,26.91,LWS3,0.9616775,0.7856,0.9142
265,26.69,LWS3,0.9616775,0.7856,0.9142
266,26.46,LWS3,0.9616775,0.7856,0.9142
266,26.63,LWS3,0.9616775,0.7856,0.9142
267,28.8,LWS3,0.9616775,0.7856,0.9142
267,28.63,LWS3,0.9616775,0.7856,0.9142
365,30.75,LWS3,0.9616775,0.7856,0.9142
365,30.39,LWS3,0.9616775,0.7856,0.9142
366,31.49,LWS3,0.9616775,0.7856,0.9142
366,31.41,LWS3,0.9616775,0.7856,0.9142
367,27.66,LWS3,0.9616775,0.7856,0.9142
367,27.81,LWS3,0.9616775,0.7856,0.9142
368,30.32,LWS3,0.9616775,0.7856,0.9142
368,29.91,LWS3,0.9616775,0.7856,0.9142
369,32.61,LWS3,0.9616775,0.7856,0.9142
369,32.75,LWS3,0.9616775,0.7856,0.9142
370,31.36,LWS3,0.9616775,0.7856,0.9142
370,31.81,LWS3,0.9616775,0.7856,0.9142
371,33.84,LWS3,0.9616775,0.7856,0.9142
371,33.95,LWS3,0.9616775,0.7856,0.9142
472,30.48,LWS3,0.9616775,0.7856,0.9142
472,30.83,LWS3,0.9616775,0.7856,0.9142
474,30.83,LWS3,0.9616775,0.7856,0.9142
474,30.72,LWS3,0.9616775,0.7856,0.9142
475,33.53,LWS3,0.9616775,0.7856,0.9142
475,32.35,LWS3,0.9616775,0.7856,0.9142
476,27.26,LWS3,0.9616775,0.7856,0.9142
476,27.11,LWS3,0.9616775,0.7856,0.9142
477,26.75,LWS3,0.9616775,0.7856,0.9142
477,26.69,LWS3,0.9616775,0.7856,0.9142
478,25.54,LWS3,0.9616775,0.7856,0.9142
478,25.68,LWS3,0.9616775,0.7856,0.9142
479,28.81,LWS3,0.9616775,0.7856,0.9142
479,28.84,LWS3,0.9616775,0.7856,0.9142
502,40,LWS3,0.9616775,0.7856,0.9142
502,40,LWS3,0.9616775,0.7856,0.9142
503,34.86,LWS3,0.9616775,0.7856,0.9142
503,34.07,LWS3,0.9616775,0.7856,0.9142
505,34.97,LWS3,0.9616775,0.7856,0.9142
505,37.45,LWS3,0.9616775,0.7856,0.9142
505,40,LWS3,0.9616775,0.7856,0.9142
506,30.41,LWS3,0.9616775,0.7856,0.9142
506,30.59,LWS3,0.9616775,0.7856,0.9142
507,30.3,LWS3,0.9616775,0.7856,0.9142
507,30.3,LWS3,0.9616775,0.7856,0.9142
508,40,LWS3,0.9616775,0.7856,0.9142
508,40,LWS3,0.9616775,0.7856,0.9142
509,40,LWS3,0.9616775,0.7856,0.9142
509,40,LWS3,0.9616775,0.7856,0.9142
523,32.55,LWS3,0.9616775,0.7856,0.9142
523,32.74,LWS3,0.9616775,0.7856,0.9142
524,32.63,LWS3,0.9616775,0.7856,0.9142
524,31.95,LWS3,0.9616775,0.7856,0.9142
526,30.84,LWS3,0.9616775,0.7856,0.9142
526,30.79,LWS3,0.9616775,0.7856,0.9142
527,27.67,LWS3,0.9616775,0.7856,0.9142
527,27.79,LWS3,0.9616775,0.7856,0.9142
528,25.58,LWS3,0.9616775,0.7856,0.9142
528,25.49,LWS3,0.9616775,0.7856,0.9142
529,25.59,LWS3,0.9616775,0.7856,0.9142
529,25.71,LWS3,0.9616775,0.7856,0.9142
530,28.73,LWS3,0.9616775,0.7856,0.9142
530,28.24,LWS3,0.9616775,0.7856,0.9142
590,40,LWS3,0.9616775,0.7856,0.9142
590,40,LWS3,0.9616775,0.7856,0.9142
591,40,LWS3,0.9616775,0.7856,0.9142
591,40,LWS3,0.9616775,0.7856,0.9142
592,31.39,LWS3,0.9616775,0.7856,0.9142
592,30.52,LWS3,0.9616775,0.7856,0.9142
593,40,LWS3,0.9616775,0.7856,0.9142
593,36.07,LWS3,0.9616775,0.7856,0.9142
594,40,LWS3,0.9616775,0.7856,0.9142
594,40,LWS3,0.9616775,0.7856,0.9142
595,40,LWS3,0.9616775,0.7856,0.9142
595,40,LWS3,0.9616775,0.7856,0.9142
596,36.07,LWS3,0.9616775,0.7856,0.9142
596,35.93,LWS3,0.9616775,0.7856,0.9142
200,37.4,LWSr,0.8316551,0.7856,0.9154
200,37.7,LWSr,0.8316551,0.7856,0.9154
201,35.48,LWSr,0.8316551,0.7856,0.9154
201,40,LWSr,0.8316551,0.7856,0.9154
201,40,LWSr,0.8316551,0.7856,0.9154
201,40,LWSr,0.8316551,0.7856,0.9154
202,40,LWSr,0.8316551,0.7856,0.9154
202,36.63,LWSr,0.8316551,0.7856,0.9154
202,36.61,LWSr,0.8316551,0.7856,0.9154
203,40,LWSr,0.8316551,0.7856,0.9154
203,40,LWSr,0.8316551,0.7856,0.9154
204,34.74,LWSr,0.8316551,0.7856,0.9154
204,35.02,LWSr,0.8316551,0.7856,0.9154
205,40,LWSr,0.8316551,0.7856,0.9154
205,34.84,LWSr,0.8316551,0.7856,0.9154
205,35.17,LWSr,0.8316551,0.7856,0.9154
206,35.85,LWSr,0.8316551,0.7856,0.9154
206,35.77,LWSr,0.8316551,0.7856,0.9154
242,40,LWSr,0.8316551,0.7856,0.9154
242,40,LWSr,0.8316551,0.7856,0.9154
244,35.23,LWSr,0.8316551,0.7856,0.9154
244,40,LWSr,0.8316551,0.7856,0.9154
244,37.82,LWSr,0.8316551,0.7856,0.9154
245,35.73,LWSr,0.8316551,0.7856,0.9154
245,40,LWSr,0.8316551,0.7856,0.9154
246,40,LWSr,0.8316551,0.7856,0.9154
246,40,LWSr,0.8316551,0.7856,0.9154
247,36.3,LWSr,0.8316551,0.7856,0.9154
247,38.27,LWSr,0.8316551,0.7856,0.9154
247,35.54,LWSr,0.8316551,0.7856,0.9154
248,40,LWSr,0.8316551,0.7856,0.9154
248,35.01,LWSr,0.8316551,0.7856,0.9154
248,40,LWSr,0.8316551,0.7856,0.9154
249,40,LWSr,0.8316551,0.7856,0.9154
249,40,LWSr,0.8316551,0.7856,0.9154
260,40,LWSr,0.8316551,0.7856,0.9154
260,40,LWSr,0.8316551,0.7856,0.9154
261,40,LWSr,0.8316551,0.7856,0.9154
261,40,LWSr,0.8316551,0.7856,0.9154
262,40,LWSr,0.8316551,0.7856,0.9154
262,40,LWSr,0.8316551,0.7856,0.9154
264,36.33,LWSr,0.8316551,0.7856,0.9154
264,38.34,LWSr,0.8316551,0.7856,0.9154
264,40,LWSr,0.8316551,0.7856,0.9154
265,40,LWSr,0.8316551,0.7856,0.9154
265,37.34,LWSr,0.8316551,0.7856,0.9154
265,36.45,LWSr,0.8316551,0.7856,0.9154
266,36.4,LWSr,0.8316551,0.7856,0.9154
266,40,LWSr,0.8316551,0.7856,0.9154
266,40,LWSr,0.8316551,0.7856,0.9154
267,40,LWSr,0.8316551,0.7856,0.9154
267,37.29,LWSr,0.8316551,0.7856,0.9154
365,35.55,LWSr,0.8316551,0.7856,0.9154
365,37.18,LWSr,0.8316551,0.7856,0.9154
365,36.74,LWSr,0.8316551,0.7856,0.9154
366,37.01,LWSr,0.8316551,0.7856,0.9154
366,36.15,LWSr,0.8316551,0.7856,0.9154
367,40,LWSr,0.8316551,0.7856,0.9154
367,40,LWSr,0.8316551,0.7856,0.9154
368,34.76,LWSr,0.8316551,0.7856,0.9154
368,35.33,LWSr,0.8316551,0.7856,0.9154
369,40,LWSr,0.8316551,0.7856,0.9154
369,36.98,LWSr,0.8316551,0.7856,0.9154
370,40,LWSr,0.8316551,0.7856,0.9154
370,40,LWSr,0.8316551,0.7856,0.9154
371,40,LWSr,0.8316551,0.7856,0.9154
371,40,LWSr,0.8316551,0.7856,0.9154
472,40,LWSr,0.8316551,0.7856,0.9154
472,40,LWSr,0.8316551,0.7856,0.9154
474,40,LWSr,0.8316551,0.7856,0.9154
474,40,LWSr,0.8316551,0.7856,0.9154
475,40,LWSr,0.8316551,0.7856,0.9154
475,40,LWSr,0.8316551,0.7856,0.9154
476,38.54,LWSr,0.8316551,0.7856,0.9154
476,36.68,LWSr,0.8316551,0.7856,0.9154
476,40,LWSr,0.8316551,0.7856,0.9154
477,35.57,LWSr,0.8316551,0.7856,0.9154
477,35.22,LWSr,0.8316551,0.7856,0.9154
478,38.15,LWSr,0.8316551,0.7856,0.9154
478,36.12,LWSr,0.8316551,0.7856,0.9154
478,40,LWSr,0.8316551,0.7856,0.9154
479,36.92,LWSr,0.8316551,0.7856,0.9154
479,40,LWSr,0.8316551,0.7856,0.9154
502,40,LWSr,0.8316551,0.7856,0.9154
502,40,LWSr,0.8316551,0.7856,0.9154
503,40,LWSr,0.8316551,0.7856,0.9154
503,40,LWSr,0.8316551,0.7856,0.9154
505,40,LWSr,0.8316551,0.7856,0.9154
505,40,LWSr,0.8316551,0.7856,0.9154
506,36.36,LWSr,0.8316551,0.7856,0.9154
506,40,LWSr,0.8316551,0.7856,0.9154
506,37.4,LWSr,0.8316551,0.7856,0.9154
507,34.66,LWSr,0.8316551,0.7856,0.9154
507,36.77,LWSr,0.8316551,0.7856,0.9154
507,34.83,LWSr,0.8316551,0.7856,0.9154
508,37.13,LWSr,0.8316551,0.7856,0.9154
508,36.8,LWSr,0.8316551,0.7856,0.9154
509,40,LWSr,0.8316551,0.7856,0.9154
509,37.04,LWSr,0.8316551,0.7856,0.9154
509,40,LWSr,0.8316551,0.7856,0.9154
523,40,LWSr,0.8316551,0.7856,0.9154
523,40,LWSr,0.8316551,0.7856,0.9154
524,40,LWSr,0.8316551,0.7856,0.9154
524,40,LWSr,0.8316551,0.7856,0.9154
526,40,LWSr,0.8316551,0.7856,0.9154
526,40,LWSr,0.8316551,0.7856,0.9154
527,35.04,LWSr,0.8316551,0.7856,0.9154
527,37.21,LWSr,0.8316551,0.7856,0.9154
527,35.24,LWSr,0.8316551,0.7856,0.9154
528,34.86,LWSr,0.8316551,0.7856,0.9154
528,35.69,LWSr,0.8316551,0.7856,0.9154
529,35.04,LWSr,0.8316551,0.7856,0.9154
529,34.69,LWSr,0.8316551,0.7856,0.9154
530,40,LWSr,0.8316551,0.7856,0.9154
530,36.78,LWSr,0.8316551,0.7856,0.9154
530,40,LWSr,0.8316551,0.7856,0.9154
590,40,LWSr,0.8316551,0.7856,0.9154
590,40,LWSr,0.8316551,0.7856,0.9154
591,40,LWSr,0.8316551,0.7856,0.9154
591,40,LWSr,0.8316551,0.7856,0.9154
592,34.82,LWSr,0.8316551,0.7856,0.9154
592,35.62,LWSr,0.8316551,0.7856,0.9154
593,34.91,LWSr,0.8316551,0.7856,0.9154
593,34.66,LWSr,0.8316551,0.7856,0.9154
594,36.96,LWSr,0.8316551,0.7856,0.9154
594,35.85,LWSr,0.8316551,0.7856,0.9154
595,40,LWSr,0.8316551,0.7856,0.9154
595,36.83,LWSr,0.8316551,0.7856,0.9154
596,38.09,LWSr,0.8316551,0.7856,0.9154
596,40,LWSr,0.8316551,0.7856,0.9154
596,36.58,LWSr,0.8316551,0.7856,0.9154
200,27,RH2-1,1.101161,0.7844,0.914
200,27.23,RH2-1,1.101161,0.7844,0.914
200,40,RH2-1,1.101161,0.7844,0.914
201,26.67,RH2-1,1.101161,0.7844,0.914
201,26.65,RH2-1,1.101161,0.7844,0.914
202,28.22,RH2-1,1.101161,0.7844,0.914
202,28.19,RH2-1,1.101161,0.7844,0.914
203,32.05,RH2-1,1.101161,0.7844,0.914
203,32.08,RH2-1,1.101161,0.7844,0.914
204,24.85,RH2-1,1.101161,0.7844,0.914
204,24.93,RH2-1,1.101161,0.7844,0.914
205,25.66,RH2-1,1.101161,0.7844,0.914
205,25.72,RH2-1,1.101161,0.7844,0.914
206,24.61,RH2-1,1.101161,0.7844,0.914
206,24.63,RH2-1,1.101161,0.7844,0.914
242,27.2,RH2-1,1.101161,0.7844,0.914
244,24.78,RH2-1,1.101161,0.7844,0.914
244,24.52,RH2-1,1.101161,0.7844,0.914
245,25.6,RH2-1,1.101161,0.7844,0.914
245,25.71,RH2-1,1.101161,0.7844,0.914
246,23.09,RH2-1,1.101161,0.7844,0.914
246,23.4,RH2-1,1.101161,0.7844,0.914
247,23.89,RH2-1,1.101161,0.7844,0.914
247,23.91,RH2-1,1.101161,0.7844,0.914
248,26.77,RH2-1,1.101161,0.7844,0.914
248,26.89,RH2-1,1.101161,0.7844,0.914
249,27.13,RH2-1,1.101161,0.7844,0.914
249,26.93,RH2-1,1.101161,0.7844,0.914
260,32.12,RH2-1,1.101161,0.7844,0.914
260,32.85,RH2-1,1.101161,0.7844,0.914
260,40,RH2-1,1.101161,0.7844,0.914
261,31.78,RH2-1,1.101161,0.7844,0.914
261,33.43,RH2-1,1.101161,0.7844,0.914
262,31.12,RH2-1,1.101161,0.7844,0.914
262,31.24,RH2-1,1.101161,0.7844,0.914
264,26.85,RH2-1,1.101161,0.7844,0.914
264,26.88,RH2-1,1.101161,0.7844,0.914
265,25.52,RH2-1,1.101161,0.7844,0.914
265,26.01,RH2-1,1.101161,0.7844,0.914
266,27.44,RH2-1,1.101161,0.7844,0.914
266,27.18,RH2-1,1.101161,0.7844,0.914
267,28.28,RH2-1,1.101161,0.7844,0.914
267,28.21,RH2-1,1.101161,0.7844,0.914
365,24.71,RH2-1,1.101161,0.7844,0.914
365,24.72,RH2-1,1.101161,0.7844,0.914
366,22.87,RH2-1,1.101161,0.7844,0.914
366,22.86,RH2-1,1.101161,0.7844,0.914
367,23.96,RH2-1,1.101161,0.7844,0.914
367,24.08,RH2-1,1.101161,0.7844,0.914
368,22.67,RH2-1,1.101161,0.7844,0.914
368,22.89,RH2-1,1.101161,0.7844,0.914
369,24.98,RH2-1,1.101161,0.7844,0.914
369,25.22,RH2-1,1.101161,0.7844,0.914
370,25.04,RH2-1,1.101161,0.7844,0.914
370,25.05,RH2-1,1.101161,0.7844,0.914
371,25.65,RH2-1,1.101161,0.7844,0.914
371,25.6,RH2-1,1.101161,0.7844,0.914
472,26.71,RH2-1,1.101161,0.7844,0.914
472,26.72,RH2-1,1.101161,0.7844,0.914
474,25.81,RH2-1,1.101161,0.7844,0.914
474,25.39,RH2-1,1.101161,0.7844,0.914
475,27.8,RH2-1,1.101161,0.7844,0.914
475,27.82,RH2-1,1.101161,0.7844,0.914
476,23.31,RH2-1,1.101161,0.7844,0.914
476,23.06,RH2-1,1.101161,0.7844,0.914
477,22.85,RH2-1,1.101161,0.7844,0.914
477,22.88,RH2-1,1.101161,0.7844,0.914
478,22.52,RH2-1,1.101161,0.7844,0.914
478,22.68,RH2-1,1.101161,0.7844,0.914
479,24.69,RH2-1,1.101161,0.7844,0.914
479,24.73,RH2-1,1.101161,0.7844,0.914
502,31.76,RH2-1,1.101161,0.7844,0.914
502,32.55,RH2-1,1.101161,0.7844,0.914
503,28.11,RH2-1,1.101161,0.7844,0.914
503,28.38,RH2-1,1.101161,0.7844,0.914
505,27.82,RH2-1,1.101161,0.7844,0.914
505,27.62,RH2-1,1.101161,0.7844,0.914
506,24.08,RH2-1,1.101161,0.7844,0.914
506,24.03,RH2-1,1.101161,0.7844,0.914
507,23.19,RH2-1,1.101161,0.7844,0.914
507,23.18,RH2-1,1.101161,0.7844,0.914
508,23.97,RH2-1,1.101161,0.7844,0.914
508,23.93,RH2-1,1.101161,0.7844,0.914
509,25.94,RH2-1,1.101161,0.7844,0.914
509,25.84,RH2-1,1.101161,0.7844,0.914
523,28.16,RH2-1,1.101161,0.7844,0.914
523,28.02,RH2-1,1.101161,0.7844,0.914
523,31.6,RH2-1,1.101161,0.7844,0.914
524,27.79,RH2-1,1.101161,0.7844,0.914
524,28.32,RH2-1,1.101161,0.7844,0.914
526,26.09,RH2-1,1.101161,0.7844,0.914
526,25.96,RH2-1,1.101161,0.7844,0.914
527,23.04,RH2-1,1.101161,0.7844,0.914
527,23.03,RH2-1,1.101161,0.7844,0.914
528,21.76,RH2-1,1.101161,0.7844,0.914
528,21.97,RH2-1,1.101161,0.7844,0.914
529,22.61,RH2-1,1.101161,0.7844,0.914
529,22.34,RH2-1,1.101161,0.7844,0.914
530,24.9,RH2-1,1.101161,0.7844,0.914
530,24.86,RH2-1,1.101161,0.7844,0.914
590,28.02,RH2-1,1.101161,0.7844,0.914
590,28.3,RH2-1,1.101161,0.7844,0.914
590,37.28,RH2-1,1.101161,0.7844,0.914
591,27.4,RH2-1,1.101161,0.7844,0.914
591,27.55,RH2-1,1.101161,0.7844,0.914
592,22.12,RH2-1,1.101161,0.7844,0.914
592,22.29,RH2-1,1.101161,0.7844,0.914
593,22.38,RH2-1,1.101161,0.7844,0.914
593,22.61,RH2-1,1.101161,0.7844,0.914
594,22.97,RH2-1,1.101161,0.7844,0.914
594,23.15,RH2-1,1.101161,0.7844,0.914
595,24.81,RH2-1,1.101161,0.7844,0.914
595,24.98,RH2-1,1.101161,0.7844,0.914
596,25.55,RH2-1,1.101161,0.7844,0.914
596,25.33,RH2-1,1.101161,0.7844,0.914
200,30.75,RH2-2,0.8633948,0.778,0.9065
200,30.12,RH2-2,0.8633948,0.778,0.9065
201,29.55,RH2-2,0.8633948,0.778,0.9065
201,29.85,RH2-2,0.8633948,0.778,0.9065
202,31.55,RH2-2,0.8633948,0.778,0.9065
202,31.37,RH2-2,0.8633948,0.778,0.9065
203,37.94,RH2-2,0.8633948,0.778,0.9065
203,36.26,RH2-2,0.8633948,0.778,0.9065
203,36.05,RH2-2,0.8633948,0.778,0.9065
204,27.78,RH2-2,0.8633948,0.778,0.9065
204,27.59,RH2-2,0.8633948,0.778,0.9065
205,27.79,RH2-2,0.8633948,0.778,0.9065
205,27.8,RH2-2,0.8633948,0.778,0.9065
206,27.86,RH2-2,0.8633948,0.778,0.9065
206,28.04,RH2-2,0.8633948,0.778,0.9065
242,38.41,RH2-2,0.8633948,0.778,0.9065
242,34.71,RH2-2,0.8633948,0.778,0.9065
242,35.39,RH2-2,0.8633948,0.778,0.9065
244,28.1,RH2-2,0.8633948,0.778,0.9065
244,27.94,RH2-2,0.8633948,0.778,0.9065
245,29.07,RH2-2,0.8633948,0.778,0.9065
245,28.78,RH2-2,0.8633948,0.778,0.9065
246,27.02,RH2-2,0.8633948,0.778,0.9065
246,27.01,RH2-2,0.8633948,0.778,0.9065
247,26.89,RH2-2,0.8633948,0.778,0.9065
247,27.02,RH2-2,0.8633948,0.778,0.9065
248,29.77,RH2-2,0.8633948,0.778,0.9065
248,30.16,RH2-2,0.8633948,0.778,0.9065
249,30.61,RH2-2,0.8633948,0.778,0.9065
249,30.33,RH2-2,0.8633948,0.778,0.9065
260,38.21,RH2-2,0.8633948,0.778,0.9065
260,35.03,RH2-2,0.8633948,0.778,0.9065
260,34.69,RH2-2,0.8633948,0.778,0.9065
261,32.62,RH2-2,0.8633948,0.778,0.9065
261,32.12,RH2-2,0.8633948,0.778,0.9065
262,33.8,RH2-2,0.8633948,0.778,0.9065
262,33.61,RH2-2,0.8633948,0.778,0.9065
264,28.4,RH2-2,0.8633948,0.778,0.9065
264,28.85,RH2-2,0.8633948,0.778,0.9065
265,28.55,RH2-2,0.8633948,0.778,0.9065
265,28.41,RH2-2,0.8633948,0.778,0.9065
266,28.14,RH2-2,0.8633948,0.778,0.9065
266,28.19,RH2-2,0.8633948,0.778,0.9065
267,29.68,RH2-2,0.8633948,0.778,0.9065
267,29.63,RH2-2,0.8633948,0.778,0.9065
365,28.87,RH2-2,0.8633948,0.778,0.9065
365,29.19,RH2-2,0.8633948,0.778,0.9065
366,27.84,RH2-2,0.8633948,0.778,0.9065
366,27.68,RH2-2,0.8633948,0.778,0.9065
367,29.18,RH2-2,0.8633948,0.778,0.9065
367,29.12,RH2-2,0.8633948,0.778,0.9065
368,26.97,RH2-2,0.8633948,0.778,0.9065
368,27.73,RH2-2,0.8633948,0.778,0.9065
369,31.27,RH2-2,0.8633948,0.778,0.9065
369,31.43,RH2-2,0.8633948,0.778,0.9065
370,29.99,RH2-2,0.8633948,0.778,0.9065
370,29.96,RH2-2,0.8633948,0.778,0.9065
371,30.07,RH2-2,0.8633948,0.778,0.9065
371,30.06,RH2-2,0.8633948,0.778,0.9065
472,32.19,RH2-2,0.8633948,0.778,0.9065
472,32.05,RH2-2,0.8633948,0.778,0.9065
474,31.16,RH2-2,0.8633948,0.778,0.9065
474,31.54,RH2-2,0.8633948,0.778,0.9065
475,37.44,RH2-2,0.8633948,0.778,0.9065
475,36.73,RH2-2,0.8633948,0.778,0.9065
476,27.51,RH2-2,0.8633948,0.778,0.9065
476,27.85,RH2-2,0.8633948,0.778,0.9065
477,27.2,RH2-2,0.8633948,0.778,0.9065
477,27.55,RH2-2,0.8633948,0.778,0.9065
478,25.98,RH2-2,0.8633948,0.778,0.9065
478,26.13,RH2-2,0.8633948,0.778,0.9065
479,28.33,RH2-2,0.8633948,0.778,0.9065
479,28.55,RH2-2,0.8633948,0.778,0.9065
502,40,RH2-2,0.8633948,0.778,0.9065
502,40,RH2-2,0.8633948,0.778,0.9065
502,40,RH2-2,0.8633948,0.778,0.9065
503,35.25,RH2-2,0.8633948,0.778,0.9065
503,34.11,RH2-2,0.8633948,0.778,0.9065
505,31.7,RH2-2,0.8633948,0.778,0.9065
505,34.89,RH2-2,0.8633948,0.778,0.9065
505,33.11,RH2-2,0.8633948,0.778,0.9065
506,28.36,RH2-2,0.8633948,0.778,0.9065
506,28.18,RH2-2,0.8633948,0.778,0.9065
507,27.88,RH2-2,0.8633948,0.778,0.9065
507,27.94,RH2-2,0.8633948,0.778,0.9065
508,27.91,RH2-2,0.8633948,0.778,0.9065
508,28.1,RH2-2,0.8633948,0.778,0.9065
509,30.6,RH2-2,0.8633948,0.778,0.9065
509,30.29,RH2-2,0.8633948,0.778,0.9065
523,36.22,RH2-2,0.8633948,0.778,0.9065
523,38.3,RH2-2,0.8633948,0.778,0.9065
523,36.66,RH2-2,0.8633948,0.778,0.9065
524,36.85,RH2-2,0.8633948,0.778,0.9065
524,36.07,RH2-2,0.8633948,0.778,0.9065
526,32.21,RH2-2,0.8633948,0.778,0.9065
526,32.42,RH2-2,0.8633948,0.778,0.9065
527,27.33,RH2-2,0.8633948,0.778,0.9065
527,27.45,RH2-2,0.8633948,0.778,0.9065
528,26.1,RH2-2,0.8633948,0.778,0.9065
528,26.04,RH2-2,0.8633948,0.778,0.9065
529,26.52,RH2-2,0.8633948,0.778,0.9065
529,26.75,RH2-2,0.8633948,0.778,0.9065
530,28.9,RH2-2,0.8633948,0.778,0.9065
530,28.83,RH2-2,0.8633948,0.778,0.9065
590,34.02,RH2-2,0.8633948,0.778,0.9065
590,32.92,RH2-2,0.8633948,0.778,0.9065
591,32.87,RH2-2,0.8633948,0.778,0.9065
591,32.5,RH2-2,0.8633948,0.778,0.9065
592,25.9,RH2-2,0.8633948,0.778,0.9065
592,25.97,RH2-2,0.8633948,0.778,0.9065
593,26.58,RH2-2,0.8633948,0.778,0.9065
593,26.8,RH2-2,0.8633948,0.778,0.9065
594,26.98,RH2-2,0.8633948,0.778,0.9065
594,27.17,RH2-2,0.8633948,0.778,0.9065
595,28.67,RH2-2,0.8633948,0.778,0.9065
595,28.49,RH2-2,0.8633948,0.778,0.9065
596,29.22,RH2-2,0.8633948,0.778,0.9065
596,29.49,RH2-2,0.8633948,0.778,0.9065
200,28.62,SWS1,1.042634,0.7795,0.9083
200,27.93,SWS1,1.042634,0.7795,0.9083
201,27.23,SWS1,1.042634,0.7795,0.9083
201,25.72,SWS1,1.042634,0.7795,0.9083
201,27.97,SWS1,1.042634,0.7795,0.9083
202,29.04,SWS1,1.042634,0.7795,0.9083
202,26.6,SWS1,1.042634,0.7795,0.9083
202,28.77,SWS1,1.042634,0.7795,0.9083
203,30.34,SWS1,1.042634,0.7795,0.9083
203,29.99,SWS1,1.042634,0.7795,0.9083
204,25.73,SWS1,1.042634,0.7795,0.9083
204,24.83,SWS1,1.042634,0.7795,0.9083
205,25.43,SWS1,1.042634,0.7795,0.9083
205,25.29,SWS1,1.042634,0.7795,0.9083
206,24.82,SWS1,1.042634,0.7795,0.9083
206,24.97,SWS1,1.042634,0.7795,0.9083
242,30.36,SWS1,1.042634,0.7795,0.9083
242,30.29,SWS1,1.042634,0.7795,0.9083
244,26.33,SWS1,1.042634,0.7795,0.9083
244,26.01,SWS1,1.042634,0.7795,0.9083
245,27.48,SWS1,1.042634,0.7795,0.9083
245,27.72,SWS1,1.042634,0.7795,0.9083
246,24.79,SWS1,1.042634,0.7795,0.9083
246,25.22,SWS1,1.042634,0.7795,0.9083
247,25.08,SWS1,1.042634,0.7795,0.9083
247,25.36,SWS1,1.042634,0.7795,0.9083
248,28.92,SWS1,1.042634,0.7795,0.9083
248,28.66,SWS1,1.042634,0.7795,0.9083
249,28.79,SWS1,1.042634,0.7795,0.9083
249,28.9,SWS1,1.042634,0.7795,0.9083
260,31.69,SWS1,1.042634,0.7795,0.9083
260,31.58,SWS1,1.042634,0.7795,0.9083
261,29.23,SWS1,1.042634,0.7795,0.9083
261,29.25,SWS1,1.042634,0.7795,0.9083
262,31.25,SWS1,1.042634,0.7795,0.9083
262,31.45,SWS1,1.042634,0.7795,0.9083
264,27.09,SWS1,1.042634,0.7795,0.9083
264,27.21,SWS1,1.042634,0.7795,0.9083
265,25.96,SWS1,1.042634,0.7795,0.9083
265,23.03,SWS1,1.042634,0.7795,0.9083
265,25.34,SWS1,1.042634,0.7795,0.9083
266,25.38,SWS1,1.042634,0.7795,0.9083
266,25.57,SWS1,1.042634,0.7795,0.9083
267,27.93,SWS1,1.042634,0.7795,0.9083
267,27.49,SWS1,1.042634,0.7795,0.9083
365,27.72,SWS1,1.042634,0.7795,0.9083
365,27.45,SWS1,1.042634,0.7795,0.9083
366,24.92,SWS1,1.042634,0.7795,0.9083
366,24.99,SWS1,1.042634,0.7795,0.9083
367,25.88,SWS1,1.042634,0.7795,0.9083
367,26.65,SWS1,1.042634,0.7795,0.9083
368,24.87,SWS1,1.042634,0.7795,0.9083
368,25.04,SWS1,1.042634,0.7795,0.9083
369,27.83,SWS1,1.042634,0.7795,0.9083
369,28.19,SWS1,1.042634,0.7795,0.9083
370,27.33,SWS1,1.042634,0.7795,0.9083
370,27.28,SWS1,1.042634,0.7795,0.9083
371,28.21,SWS1,1.042634,0.7795,0.9083
371,28.36,SWS1,1.042634,0.7795,0.9083
472,29.99,SWS1,1.042634,0.7795,0.9083
472,29.61,SWS1,1.042634,0.7795,0.9083
474,28.28,SWS1,1.042634,0.7795,0.9083
474,28.15,SWS1,1.042634,0.7795,0.9083
475,31.38,SWS1,1.042634,0.7795,0.9083
475,30.29,SWS1,1.042634,0.7795,0.9083
476,25.08,SWS1,1.042634,0.7795,0.9083
476,24.95,SWS1,1.042634,0.7795,0.9083
477,24.93,SWS1,1.042634,0.7795,0.9083
477,24.93,SWS1,1.042634,0.7795,0.9083
478,23.78,SWS1,1.042634,0.7795,0.9083
478,23.85,SWS1,1.042634,0.7795,0.9083
479,26.72,SWS1,1.042634,0.7795,0.9083
479,26.96,SWS1,1.042634,0.7795,0.9083
502,34.86,SWS1,1.042634,0.7795,0.9083
502,36.82,SWS1,1.042634,0.7795,0.9083
502,36.62,SWS1,1.042634,0.7795,0.9083
503,30,SWS1,1.042634,0.7795,0.9083
503,29.94,SWS1,1.042634,0.7795,0.9083
505,30.01,SWS1,1.042634,0.7795,0.9083
505,30.1,SWS1,1.042634,0.7795,0.9083
506,25.69,SWS1,1.042634,0.7795,0.9083
506,25.66,SWS1,1.042634,0.7795,0.9083
507,24.67,SWS1,1.042634,0.7795,0.9083
507,24.78,SWS1,1.042634,0.7795,0.9083
508,25.3,SWS1,1.042634,0.7795,0.9083
508,25.21,SWS1,1.042634,0.7795,0.9083
509,28.32,SWS1,1.042634,0.7795,0.9083
509,28.29,SWS1,1.042634,0.7795,0.9083
523,30.97,SWS1,1.042634,0.7795,0.9083
523,31.5,SWS1,1.042634,0.7795,0.9083
524,30.12,SWS1,1.042634,0.7795,0.9083
524,30.35,SWS1,1.042634,0.7795,0.9083
526,28.97,SWS1,1.042634,0.7795,0.9083
526,29.42,SWS1,1.042634,0.7795,0.9083
527,25.28,SWS1,1.042634,0.7795,0.9083
527,25.15,SWS1,1.042634,0.7795,0.9083
528,24.07,SWS1,1.042634,0.7795,0.9083
528,24.05,SWS1,1.042634,0.7795,0.9083
529,24.69,SWS1,1.042634,0.7795,0.9083
529,24.65,SWS1,1.042634,0.7795,0.9083
530,27.25,SWS1,1.042634,0.7795,0.9083
530,27.19,SWS1,1.042634,0.7795,0.9083
590,30.75,SWS1,1.042634,0.7795,0.9083
590,30.26,SWS1,1.042634,0.7795,0.9083
591,29.82,SWS1,1.042634,0.7795,0.9083
591,29.96,SWS1,1.042634,0.7795,0.9083
592,23.57,SWS1,1.042634,0.7795,0.9083
592,23.79,SWS1,1.042634,0.7795,0.9083
593,24.32,SWS1,1.042634,0.7795,0.9083
593,24.55,SWS1,1.042634,0.7795,0.9083
594,24.71,SWS1,1.042634,0.7795,0.9083
594,24.9,SWS1,1.042634,0.7795,0.9083
595,26.44,SWS1,1.042634,0.7795,0.9083
595,26.14,SWS1,1.042634,0.7795,0.9083
596,27.11,SWS1,1.042634,0.7795,0.9083
596,27.03,SWS1,1.042634,0.7795,0.9083
200,38.14,SWS2A,0.8699094,0.7609,0.8866
200,33.83,SWS2A,0.8699094,0.7609,0.8866
200,35.23,SWS2A,0.8699094,0.7609,0.8866
201,35.7,SWS2A,0.8699094,0.7609,0.8866
201,34.33,SWS2A,0.8699094,0.7609,0.8866
202,34.21,SWS2A,0.8699094,0.7609,0.8866
202,40,SWS2A,0.8699094,0.7609,0.8866
202,35.39,SWS2A,0.8699094,0.7609,0.8866
203,33.88,SWS2A,0.8699094,0.7609,0.8866
203,33.78,SWS2A,0.8699094,0.7609,0.8866
204,34.13,SWS2A,0.8699094,0.7609,0.8866
204,40,SWS2A,0.8699094,0.7609,0.8866
204,33.79,SWS2A,0.8699094,0.7609,0.8866
205,33.2,SWS2A,0.8699094,0.7609,0.8866
205,32.83,SWS2A,0.8699094,0.7609,0.8866
206,31.33,SWS2A,0.8699094,0.7609,0.8866
206,31.62,SWS2A,0.8699094,0.7609,0.8866
242,33.02,SWS2A,0.8699094,0.7609,0.8866
242,33.32,SWS2A,0.8699094,0.7609,0.8866
244,34.74,SWS2A,0.8699094,0.7609,0.8866
244,33.13,SWS2A,0.8699094,0.7609,0.8866
244,33.77,SWS2A,0.8699094,0.7609,0.8866
245,34.71,SWS2A,0.8699094,0.7609,0.8866
245,34.5,SWS2A,0.8699094,0.7609,0.8866
246,31.55,SWS2A,0.8699094,0.7609,0.8866
246,31.06,SWS2A,0.8699094,0.7609,0.8866
247,32.33,SWS2A,0.8699094,0.7609,0.8866
247,31.84,SWS2A,0.8699094,0.7609,0.8866
248,34.75,SWS2A,0.8699094,0.7609,0.8866
248,35.03,SWS2A,0.8699094,0.7609,0.8866
249,33.85,SWS2A,0.8699094,0.7609,0.8866
249,34.22,SWS2A,0.8699094,0.7609,0.8866
260,33.82,SWS2A,0.8699094,0.7609,0.8866
260,36.35,SWS2A,0.8699094,0.7609,0.8866
260,34.75,SWS2A,0.8699094,0.7609,0.8866
261,35.96,SWS2A,0.8699094,0.7609,0.8866
261,35.12,SWS2A,0.8699094,0.7609,0.8866
262,34.18,SWS2A,0.8699094,0.7609,0.8866
262,33.59,SWS2A,0.8699094,0.7609,0.8866
264,31.66,SWS2A,0.8699094,0.7609,0.8866
264,31.81,SWS2A,0.8699094,0.7609,0.8866
265,32.81,SWS2A,0.8699094,0.7609,0.8866
265,33.19,SWS2A,0.8699094,0.7609,0.8866
266,32.21,SWS2A,0.8699094,0.7609,0.8866
266,32.28,SWS2A,0.8699094,0.7609,0.8866
267,33.65,SWS2A,0.8699094,0.7609,0.8866
267,33.51,SWS2A,0.8699094,0.7609,0.8866
365,35.73,SWS2A,0.8699094,0.7609,0.8866
365,35.03,SWS2A,0.8699094,0.7609,0.8866
366,32.22,SWS2A,0.8699094,0.7609,0.8866
366,32,SWS2A,0.8699094,0.7609,0.8866
367,33.01,SWS2A,0.8699094,0.7609,0.8866
367,35.3,SWS2A,0.8699094,0.7609,0.8866
367,33.15,SWS2A,0.8699094,0.7609,0.8866
368,33.16,SWS2A,0.8699094,0.7609,0.8866
368,32.2,SWS2A,0.8699094,0.7609,0.8866
369,35.21,SWS2A,0.8699094,0.7609,0.8866
369,34.52,SWS2A,0.8699094,0.7609,0.8866
369,40,SWS2A,0.8699094,0.7609,0.8866
370,36.16,SWS2A,0.8699094,0.7609,0.8866
370,35.2,SWS2A,0.8699094,0.7609,0.8866
371,33.22,SWS2A,0.8699094,0.7609,0.8866
371,33.32,SWS2A,0.8699094,0.7609,0.8866
472,33.33,SWS2A,0.8699094,0.7609,0.8866
472,33.33,SWS2A,0.8699094,0.7609,0.8866
474,33.49,SWS2A,0.8699094,0.7609,0.8866
474,34.4,SWS2A,0.8699094,0.7609,0.8866
475,34.25,SWS2A,0.8699094,0.7609,0.8866
475,35.01,SWS2A,0.8699094,0.7609,0.8866
476,32.91,SWS2A,0.8699094,0.7609,0.8866
476,33.86,SWS2A,0.8699094,0.7609,0.8866
477,32.62,SWS2A,0.8699094,0.7609,0.8866
477,31.92,SWS2A,0.8699094,0.7609,0.8866
478,31.26,SWS2A,0.8699094,0.7609,0.8866
478,31.75,SWS2A,0.8699094,0.7609,0.8866
479,34.69,SWS2A,0.8699094,0.7609,0.8866
479,33.55,SWS2A,0.8699094,0.7609,0.8866
502,40,SWS2A,0.8699094,0.7609,0.8866
502,40,SWS2A,0.8699094,0.7609,0.8866
502,40,SWS2A,0.8699094,0.7609,0.8866
503,40,SWS2A,0.8699094,0.7609,0.8866
503,33.52,SWS2A,0.8699094,0.7609,0.8866
503,36.7,SWS2A,0.8699094,0.7609,0.8866
505,40,SWS2A,0.8699094,0.7609,0.8866
505,36.74,SWS2A,0.8699094,0.7609,0.8866
505,34.36,SWS2A,0.8699094,0.7609,0.8866
506,32.49,SWS2A,0.8699094,0.7609,0.8866
506,33.98,SWS2A,0.8699094,0.7609,0.8866
506,32.95,SWS2A,0.8699094,0.7609,0.8866
507,32.3,SWS2A,0.8699094,0.7609,0.8866
507,31.67,SWS2A,0.8699094,0.7609,0.8866
508,32.14,SWS2A,0.8699094,0.7609,0.8866
508,32.07,SWS2A,0.8699094,0.7609,0.8866
509,33.86,SWS2A,0.8699094,0.7609,0.8866
509,33.95,SWS2A,0.8699094,0.7609,0.8866
523,32.89,SWS2A,0.8699094,0.7609,0.8866
523,33.65,SWS2A,0.8699094,0.7609,0.8866
524,35.75,SWS2A,0.8699094,0.7609,0.8866
524,35.48,SWS2A,0.8699094,0.7609,0.8866
524,40,SWS2A,0.8699094,0.7609,0.8866
526,34.57,SWS2A,0.8699094,0.7609,0.8866
526,32.75,SWS2A,0.8699094,0.7609,0.8866
526,34.83,SWS2A,0.8699094,0.7609,0.8866
527,31.75,SWS2A,0.8699094,0.7609,0.8866
527,32.03,SWS2A,0.8699094,0.7609,0.8866
528,31.88,SWS2A,0.8699094,0.7609,0.8866
528,31.43,SWS2A,0.8699094,0.7609,0.8866
529,32.8,SWS2A,0.8699094,0.7609,0.8866
529,33.05,SWS2A,0.8699094,0.7609,0.8866
530,33.9,SWS2A,0.8699094,0.7609,0.8866
530,35.56,SWS2A,0.8699094,0.7609,0.8866
530,33.91,SWS2A,0.8699094,0.7609,0.8866
590,40,SWS2A,0.8699094,0.7609,0.8866
590,33.77,SWS2A,0.8699094,0.7609,0.8866
590,35.28,SWS2A,0.8699094,0.7609,0.8866
591,33.01,SWS2A,0.8699094,0.7609,0.8866
591,32.61,SWS2A,0.8699094,0.7609,0.8866
592,31.31,SWS2A,0.8699094,0.7609,0.8866
592,30.92,SWS2A,0.8699094,0.7609,0.8866
593,32.2,SWS2A,0.8699094,0.7609,0.8866
593,31.95,SWS2A,0.8699094,0.7609,0.8866
594,31.83,SWS2A,0.8699094,0.7609,0.8866
594,32.22,SWS2A,0.8699094,0.7609,0.8866
595,32.51,SWS2A,0.8699094,0.7609,0.8866
595,35.47,SWS2A,0.8699094,0.7609,0.8866
595,34.41,SWS2A,0.8699094,0.7609,0.8866
596,33.1,SWS2A,0.8699094,0.7609,0.8866
596,32.21,SWS2A,0.8699094,0.7609,0.8866
200,26.01,SWS2B,0.8782115,0.7823,0.9115
200,25.69,SWS2B,0.8782115,0.7823,0.9115
201,25.55,SWS2B,0.8782115,0.7823,0.9115
201,25.66,SWS2B,0.8782115,0.7823,0.9115
202,27.32,SWS2B,0.8782115,0.7823,0.9115
202,26.79,SWS2B,0.8782115,0.7823,0.9115
203,26,SWS2B,0.8782115,0.7823,0.9115
203,26.11,SWS2B,0.8782115,0.7823,0.9115
204,24.81,SWS2B,0.8782115,0.7823,0.9115
204,24.92,SWS2B,0.8782115,0.7823,0.9115
205,24.41,SWS2B,0.8782115,0.7823,0.9115
205,24.48,SWS2B,0.8782115,0.7823,0.9115
206,24.41,SWS2B,0.8782115,0.7823,0.9115
206,24.73,SWS2B,0.8782115,0.7823,0.9115
242,25.51,SWS2B,0.8782115,0.7823,0.9115
242,25.46,SWS2B,0.8782115,0.7823,0.9115
244,25.19,SWS2B,0.8782115,0.7823,0.9115
244,24.93,SWS2B,0.8782115,0.7823,0.9115
245,25.94,SWS2B,0.8782115,0.7823,0.9115
245,25.85,SWS2B,0.8782115,0.7823,0.9115
246,23.96,SWS2B,0.8782115,0.7823,0.9115
246,23.9,SWS2B,0.8782115,0.7823,0.9115
247,23.87,SWS2B,0.8782115,0.7823,0.9115
247,23.91,SWS2B,0.8782115,0.7823,0.9115
248,26.1,SWS2B,0.8782115,0.7823,0.9115
248,26.13,SWS2B,0.8782115,0.7823,0.9115
249,26.73,SWS2B,0.8782115,0.7823,0.9115
249,26.73,SWS2B,0.8782115,0.7823,0.9115
260,26.72,SWS2B,0.8782115,0.7823,0.9115
260,26.7,SWS2B,0.8782115,0.7823,0.9115
261,27.09,SWS2B,0.8782115,0.7823,0.9115
261,27.02,SWS2B,0.8782115,0.7823,0.9115
262,27.47,SWS2B,0.8782115,0.7823,0.9115
262,27.41,SWS2B,0.8782115,0.7823,0.9115
264,24.77,SWS2B,0.8782115,0.7823,0.9115
264,24.72,SWS2B,0.8782115,0.7823,0.9115
265,25.07,SWS2B,0.8782115,0.7823,0.9115
265,25.03,SWS2B,0.8782115,0.7823,0.9115
266,24.89,SWS2B,0.8782115,0.7823,0.9115
266,24.74,SWS2B,0.8782115,0.7823,0.9115
267,26.36,SWS2B,0.8782115,0.7823,0.9115
267,26.18,SWS2B,0.8782115,0.7823,0.9115
365,25.17,SWS2B,0.8782115,0.7823,0.9115
365,24.97,SWS2B,0.8782115,0.7823,0.9115
366,24.1,SWS2B,0.8782115,0.7823,0.9115
366,24.24,SWS2B,0.8782115,0.7823,0.9115
367,25.01,SWS2B,0.8782115,0.7823,0.9115
367,25.15,SWS2B,0.8782115,0.7823,0.9115
368,23.6,SWS2B,0.8782115,0.7823,0.9115
368,24.02,SWS2B,0.8782115,0.7823,0.9115
369,26.04,SWS2B,0.8782115,0.7823,0.9115
369,26.09,SWS2B,0.8782115,0.7823,0.9115
370,25.71,SWS2B,0.8782115,0.7823,0.9115
370,25.57,SWS2B,0.8782115,0.7823,0.9115
371,25.72,SWS2B,0.8782115,0.7823,0.9115
371,25.76,SWS2B,0.8782115,0.7823,0.9115
472,25.29,SWS2B,0.8782115,0.7823,0.9115
472,25.61,SWS2B,0.8782115,0.7823,0.9115
474,25.26,SWS2B,0.8782115,0.7823,0.9115
474,25.47,SWS2B,0.8782115,0.7823,0.9115
475,27.07,SWS2B,0.8782115,0.7823,0.9115
475,26.26,SWS2B,0.8782115,0.7823,0.9115
476,23.94,SWS2B,0.8782115,0.7823,0.9115
476,23.96,SWS2B,0.8782115,0.7823,0.9115
477,23.74,SWS2B,0.8782115,0.7823,0.9115
477,23.58,SWS2B,0.8782115,0.7823,0.9115
478,22.82,SWS2B,0.8782115,0.7823,0.9115
478,22.6,SWS2B,0.8782115,0.7823,0.9115
479,24.74,SWS2B,0.8782115,0.7823,0.9115
479,24.88,SWS2B,0.8782115,0.7823,0.9115
502,28.99,SWS2B,0.8782115,0.7823,0.9115
502,29.45,SWS2B,0.8782115,0.7823,0.9115
503,27.87,SWS2B,0.8782115,0.7823,0.9115
503,27.85,SWS2B,0.8782115,0.7823,0.9115
505,26.99,SWS2B,0.8782115,0.7823,0.9115
505,27.11,SWS2B,0.8782115,0.7823,0.9115
506,24.99,SWS2B,0.8782115,0.7823,0.9115
506,24.89,SWS2B,0.8782115,0.7823,0.9115
507,23.99,SWS2B,0.8782115,0.7823,0.9115
507,23.9,SWS2B,0.8782115,0.7823,0.9115
508,24.69,SWS2B,0.8782115,0.7823,0.9115
508,24.74,SWS2B,0.8782115,0.7823,0.9115
509,26.68,SWS2B,0.8782115,0.7823,0.9115
509,26.69,SWS2B,0.8782115,0.7823,0.9115
523,26.35,SWS2B,0.8782115,0.7823,0.9115
523,26.2,SWS2B,0.8782115,0.7823,0.9115
524,26.54,SWS2B,0.8782115,0.7823,0.9115
524,26.47,SWS2B,0.8782115,0.7823,0.9115
526,25.51,SWS2B,0.8782115,0.7823,0.9115
526,25.68,SWS2B,0.8782115,0.7823,0.9115
527,23.81,SWS2B,0.8782115,0.7823,0.9115
527,24.08,SWS2B,0.8782115,0.7823,0.9115
528,22.72,SWS2B,0.8782115,0.7823,0.9115
528,22.76,SWS2B,0.8782115,0.7823,0.9115
529,23.35,SWS2B,0.8782115,0.7823,0.9115
529,23.23,SWS2B,0.8782115,0.7823,0.9115
530,25.25,SWS2B,0.8782115,0.7823,0.9115
530,25.06,SWS2B,0.8782115,0.7823,0.9115
590,27.28,SWS2B,0.8782115,0.7823,0.9115
590,27.26,SWS2B,0.8782115,0.7823,0.9115
591,27.02,SWS2B,0.8782115,0.7823,0.9115
591,27.13,SWS2B,0.8782115,0.7823,0.9115
592,22.75,SWS2B,0.8782115,0.7823,0.9115
592,23.02,SWS2B,0.8782115,0.7823,0.9115
593,23.07,SWS2B,0.8782115,0.7823,0.9115
593,23.43,SWS2B,0.8782115,0.7823,0.9115
594,23.84,SWS2B,0.8782115,0.7823,0.9115
594,24.04,SWS2B,0.8782115,0.7823,0.9115
595,25.08,SWS2B,0.8782115,0.7823,0.9115
595,25.13,SWS2B,0.8782115,0.7823,0.9115
596,25.46,SWS2B,0.8782115,0.7823,0.9115
596,25.51,SWS2B,0.8782115,0.7823,0.9115